1,52.3598775598299,0,17,128
1,52.3598775598299,0.261799387799149,16,4
1,52.3598775598299,1.30899693899575,15,104
1,52.3598775598299,1.5707963267949,15,103
1,52.3598775598299,1.83259571459405,16,3
1,52.3598775598299,2.87979326579064,17,121
1,52.3598775598299,3.14159265358979,17,120
1,52.3598775598299,3.40339204138894,16,2
1,52.3598775598299,4.45058959258554,15,91
1,52.3598775598299,4.71238898038469,15,89
1,52.3598775598299,4.97418836818384,16,1
1,52.3598775598299,6.02138591938044,17,102
1,52.3598775598299,6.28318530717959,17,99
1,104.71975511966,0,17,127
1,104.71975511966,0.261799387799149,17,126
1,104.71975511966,1.0471975511966,14,94
1,104.71975511966,1.30899693899575,15,102
1,104.71975511966,1.5707963267949,15,101
1,104.71975511966,1.83259571459405,15,100
1,104.71975511966,2.61799387799149,18,117
1,104.71975511966,2.87979326579064,17,118
1,104.71975511966,3.14159265358979,17,117
1,104.71975511966,3.40339204138894,17,115
1,104.71975511966,4.18879020478639,14,88
1,104.71975511966,4.45058959258554,15,87
1,104.71975511966,4.71238898038469,15,85
1,104.71975511966,4.97418836818384,15,83
1,104.71975511966,5.75958653158129,18,111
1,104.71975511966,6.02138591938044,17,96
1,104.71975511966,6.28318530717959,17,93
1,157.07963267949,0,17,125
1,157.07963267949,1.0471975511966,14,93
1,157.07963267949,1.30899693899575,15,99
1,157.07963267949,1.5707963267949,15,98
1,157.07963267949,2.61799387799149,18,116
1,157.07963267949,2.87979326579064,17,114
1,157.07963267949,3.14159265358979,17,113
1,157.07963267949,4.18879020478639,14,86
1,157.07963267949,4.45058959258554,15,82
1,157.07963267949,4.71238898038469,15,80
1,157.07963267949,5.75958653158129,18,109
1,157.07963267949,6.02138591938044,17,90
1,157.07963267949,6.28318530717959,17,87
1,209.43951023932,0,17,124
1,209.43951023932,1.0471975511966,14,92
1,209.43951023932,1.30899693899575,15,97
1,209.43951023932,1.5707963267949,15,96
1,209.43951023932,2.61799387799149,18,115
1,209.43951023932,2.87979326579064,17,111
1,209.43951023932,3.14159265358979,17,110
1,209.43951023932,4.18879020478639,14,84
1,209.43951023932,4.45058959258554,15,78
1,209.43951023932,4.71238898038469,15,76
1,209.43951023932,5.75958653158129,18,107
1,209.43951023932,6.02138591938044,17,85
1,209.43951023932,6.28318530717959,17,82
1,261.799387799149,0,17,123
1,261.799387799149,1.0471975511966,14,91
1,261.799387799149,1.30899693899575,15,95
1,261.799387799149,1.5707963267949,15,94
1,261.799387799149,2.61799387799149,18,114
1,261.799387799149,2.87979326579064,17,108
1,261.799387799149,3.14159265358979,17,107
1,261.799387799149,4.18879020478639,14,82
1,261.799387799149,4.45058959258554,15,74
1,261.799387799149,4.71238898038469,15,72
1,261.799387799149,5.75958653158129,18,105
1,261.799387799149,6.02138591938044,17,80
1,261.799387799149,6.28318530717959,17,77
1,314.159265358979,0,17,122
1,314.159265358979,1.0471975511966,14,90
1,314.159265358979,1.30899693899575,15,93
1,314.159265358979,1.5707963267949,15,92
1,314.159265358979,2.61799387799149,18,113
1,314.159265358979,2.87979326579064,17,105
1,314.159265358979,3.14159265358979,17,103
1,314.159265358979,4.18879020478639,14,80
1,314.159265358979,4.45058959258554,15,70
1,314.159265358979,4.71238898038469,15,67
1,314.159265358979,5.75958653158129,18,103
1,314.159265358979,6.02138591938044,17,75
1,314.159265358979,6.28318530717959,17,71
1,366.519142918809,0,17,119
1,366.519142918809,1.0471975511966,14,89
1,366.519142918809,1.30899693899575,15,90
1,366.519142918809,1.5707963267949,15,88
1,366.519142918809,2.61799387799149,18,112
1,366.519142918809,2.87979326579064,17,100
1,366.519142918809,3.14159265358979,17,97
1,366.519142918809,4.18879020478639,14,78
1,366.519142918809,4.45058959258554,15,65
1,366.519142918809,4.71238898038469,15,62
1,366.519142918809,5.75958653158129,18,101
1,366.519142918809,6.02138591938044,17,69
1,366.519142918809,6.28318530717959,17,65
1,418.879020478639,0,17,116
1,418.879020478639,1.0471975511966,14,87
1,418.879020478639,1.30899693899575,15,86
1,418.879020478639,1.5707963267949,15,84
1,418.879020478639,2.61799387799149,18,110
1,418.879020478639,2.87979326579064,17,94
1,418.879020478639,3.14159265358979,17,91
1,418.879020478639,4.18879020478639,14,76
1,418.879020478639,4.45058959258554,15,60
1,418.879020478639,4.71238898038469,15,57
1,418.879020478639,5.75958653158129,18,99
1,418.879020478639,6.02138591938044,17,63
1,418.879020478639,6.28318530717959,17,59
1,471.238898038469,0,17,112
1,471.238898038469,1.0471975511966,14,85
1,471.238898038469,1.30899693899575,15,81
1,471.238898038469,1.5707963267949,15,79
1,471.238898038469,2.61799387799149,18,108
1,471.238898038469,2.87979326579064,17,88
1,471.238898038469,3.14159265358979,17,86
1,471.238898038469,4.18879020478639,14,74
1,471.238898038469,4.45058959258554,15,55
1,471.238898038469,4.71238898038469,15,53
1,471.238898038469,5.75958653158129,18,97
1,471.238898038469,6.02138591938044,17,57
1,471.238898038469,6.28318530717959,17,54
1,523.598775598299,0,17,109
1,523.598775598299,1.0471975511966,14,83
1,523.598775598299,1.30899693899575,15,77
1,523.598775598299,1.5707963267949,15,75
1,523.598775598299,2.61799387799149,18,106
1,523.598775598299,2.87979326579064,17,83
1,523.598775598299,3.14159265358979,17,81
1,523.598775598299,4.18879020478639,14,72
1,523.598775598299,4.45058959258554,15,51
1,523.598775598299,4.71238898038469,15,49
1,523.598775598299,5.75958653158129,18,94
1,523.598775598299,6.02138591938044,17,52
1,523.598775598299,6.28318530717959,17,49
1,575.958653158129,0,17,106
1,575.958653158129,0.261799387799149,17,104
1,575.958653158129,1.0471975511966,14,81
1,575.958653158129,1.30899693899575,15,73
1,575.958653158129,1.5707963267949,15,71
1,575.958653158129,1.83259571459405,15,69
1,575.958653158129,2.61799387799149,18,104
1,575.958653158129,2.87979326579064,17,78
1,575.958653158129,3.14159265358979,17,76
1,575.958653158129,3.40339204138894,17,73
1,575.958653158129,4.18879020478639,14,70
1,575.958653158129,4.45058959258554,15,47
1,575.958653158129,4.71238898038469,15,45
1,575.958653158129,4.97418836818384,15,43
1,575.958653158129,5.75958653158129,18,90
1,575.958653158129,6.02138591938044,17,47
1,575.958653158129,6.28318530717959,17,44
1,628.318530717959,0,17,101
1,628.318530717959,0.261799387799149,17,98
1,628.318530717959,1.0471975511966,14,79
1,628.318530717959,1.30899693899575,15,68
1,628.318530717959,1.5707963267949,15,66
1,628.318530717959,1.83259571459405,15,64
1,628.318530717959,2.61799387799149,18,102
1,628.318530717959,2.87979326579064,17,72
1,628.318530717959,3.14159265358979,17,70
1,628.318530717959,3.40339204138894,17,67
1,628.318530717959,4.18879020478639,14,68
1,628.318530717959,4.45058959258554,15,42
1,628.318530717959,4.71238898038469,15,40
1,628.318530717959,4.97418836818384,15,38
1,628.318530717959,5.75958653158129,18,87
1,628.318530717959,6.02138591938044,17,42
1,628.318530717959,6.28318530717959,17,39
1,680.678408277788,0,17,95
1,680.678408277788,0.261799387799149,17,92
1,680.678408277788,1.0471975511966,14,77
1,680.678408277788,1.30899693899575,15,63
1,680.678408277788,1.5707963267949,15,61
1,680.678408277788,1.83259571459405,15,59
1,680.678408277788,2.61799387799149,18,100
1,680.678408277788,2.87979326579064,17,66
1,680.678408277788,3.14159265358979,17,64
1,680.678408277788,3.40339204138894,17,61
1,680.678408277788,4.18879020478639,14,66
1,680.678408277788,4.45058959258554,15,37
1,680.678408277788,4.71238898038469,15,35
1,680.678408277788,4.97418836818384,15,33
1,680.678408277788,5.75958653158129,18,84
1,680.678408277788,6.02138591938044,17,37
1,680.678408277788,6.28318530717959,17,34
1,733.038285837618,0,17,89
1,733.038285837618,1.0471975511966,14,75
1,733.038285837618,1.30899693899575,15,58
1,733.038285837618,1.5707963267949,15,56
1,733.038285837618,2.61799387799149,18,98
1,733.038285837618,2.87979326579064,17,60
1,733.038285837618,3.14159265358979,17,58
1,733.038285837618,4.18879020478639,14,64
1,733.038285837618,4.45058959258554,15,32
1,733.038285837618,4.71238898038469,15,30
1,733.038285837618,5.75958653158129,18,81
1,733.038285837618,6.02138591938044,17,32
1,733.038285837618,6.28318530717959,17,30
1,785.398163397448,0,17,84
1,785.398163397448,1.0471975511966,14,73
1,785.398163397448,1.30899693899575,15,54
1,785.398163397448,1.5707963267949,15,52
1,785.398163397448,2.61799387799149,18,95
1,785.398163397448,2.87979326579064,17,55
1,785.398163397448,3.14159265358979,17,53
1,785.398163397448,4.18879020478639,14,61
1,785.398163397448,4.45058959258554,15,28
1,785.398163397448,4.71238898038469,15,26
1,785.398163397448,5.75958653158129,18,77
1,785.398163397448,6.02138591938044,17,28
1,785.398163397448,6.28318530717959,17,26
1,837.758040957278,0,17,79
1,837.758040957278,1.0471975511966,14,71
1,837.758040957278,1.30899693899575,15,50
1,837.758040957278,1.5707963267949,15,48
1,837.758040957278,2.61799387799149,18,92
1,837.758040957278,2.87979326579064,17,50
1,837.758040957278,3.14159265358979,17,48
1,837.758040957278,4.18879020478639,14,58
1,837.758040957278,4.45058959258554,15,24
1,837.758040957278,4.71238898038469,15,22
1,837.758040957278,5.75958653158129,18,73
1,837.758040957278,6.02138591938044,17,24
1,837.758040957278,6.28318530717959,17,22
1,890.117918517108,0,17,74
1,890.117918517108,1.0471975511966,14,69
1,890.117918517108,1.30899693899575,15,46
1,890.117918517108,1.5707963267949,15,44
1,890.117918517108,2.61799387799149,18,88
1,890.117918517108,2.87979326579064,17,45
1,890.117918517108,3.14159265358979,17,43
1,890.117918517108,4.18879020478639,14,54
1,890.117918517108,4.45058959258554,15,20
1,890.117918517108,4.71238898038469,15,18
1,890.117918517108,5.75958653158129,18,68
1,890.117918517108,6.02138591938044,17,20
1,890.117918517108,6.28318530717959,17,18
1,942.477796076938,0,17,68
1,942.477796076938,1.0471975511966,14,67
1,942.477796076938,1.30899693899575,15,41
1,942.477796076938,1.5707963267949,15,39
1,942.477796076938,2.61799387799149,18,85
1,942.477796076938,2.87979326579064,17,40
1,942.477796076938,3.14159265358979,17,38
1,942.477796076938,4.18879020478639,14,51
1,942.477796076938,4.45058959258554,15,16
1,942.477796076938,4.71238898038469,15,14
1,942.477796076938,5.75958653158129,18,64
1,942.477796076938,6.02138591938044,17,16
1,942.477796076938,6.28318530717959,17,14
1,994.837673636768,0,17,62
1,994.837673636768,1.0471975511966,14,65
1,994.837673636768,1.30899693899575,15,36
1,994.837673636768,1.5707963267949,15,34
1,994.837673636768,2.61799387799149,18,82
1,994.837673636768,2.87979326579064,17,35
1,994.837673636768,3.14159265358979,17,33
1,994.837673636768,4.18879020478639,14,48
1,994.837673636768,4.45058959258554,15,12
1,994.837673636768,4.71238898038469,15,11
1,994.837673636768,5.75958653158129,18,60
1,994.837673636768,6.02138591938044,17,12
1,994.837673636768,6.28318530717959,17,11
1,1047.1975511966,0,17,56
1,1047.1975511966,1.0471975511966,14,63
1,1047.1975511966,1.30899693899575,15,31
1,1047.1975511966,1.5707963267949,15,29
1,1047.1975511966,2.61799387799149,18,79
1,1047.1975511966,2.87979326579064,17,31
1,1047.1975511966,3.14159265358979,17,29
1,1047.1975511966,4.18879020478639,14,46
1,1047.1975511966,4.45058959258554,15,10
1,1047.1975511966,4.71238898038469,15,9
1,1047.1975511966,5.75958653158129,18,57
1,1047.1975511966,6.02138591938044,17,10
1,1047.1975511966,6.28318530717959,17,9
1,1099.55742875643,0,17,51
1,1099.55742875643,1.0471975511966,14,60
1,1099.55742875643,1.30899693899575,15,27
1,1099.55742875643,1.5707963267949,15,25
1,1099.55742875643,2.61799387799149,18,75
1,1099.55742875643,2.87979326579064,17,27
1,1099.55742875643,3.14159265358979,17,25
1,1099.55742875643,4.18879020478639,14,43
1,1099.55742875643,4.45058959258554,15,8
1,1099.55742875643,4.71238898038469,15,7
1,1099.55742875643,5.75958653158129,18,53
1,1099.55742875643,6.02138591938044,17,8
1,1099.55742875643,6.28318530717959,17,7
1,1151.91730631626,0,17,46
1,1151.91730631626,1.0471975511966,14,57
1,1151.91730631626,1.30899693899575,15,23
1,1151.91730631626,1.5707963267949,15,21
1,1151.91730631626,2.61799387799149,18,71
1,1151.91730631626,2.87979326579064,17,23
1,1151.91730631626,3.14159265358979,17,21
1,1151.91730631626,4.18879020478639,14,40
1,1151.91730631626,4.45058959258554,15,6
1,1151.91730631626,4.71238898038469,15,5
1,1151.91730631626,5.75958653158129,18,49
1,1151.91730631626,6.02138591938044,17,6
1,1151.91730631626,6.28318530717959,17,5
1,1204.27718387609,0,17,41
1,1204.27718387609,1.0471975511966,14,53
1,1204.27718387609,1.30899693899575,15,19
1,1204.27718387609,1.5707963267949,15,17
1,1204.27718387609,2.61799387799149,18,66
1,1204.27718387609,2.87979326579064,17,19
1,1204.27718387609,3.14159265358979,17,17
1,1204.27718387609,4.18879020478639,14,36
1,1204.27718387609,4.45058959258554,15,4
1,1204.27718387609,4.71238898038469,15,3
1,1204.27718387609,5.75958653158129,18,45
1,1204.27718387609,6.02138591938044,17,4
1,1204.27718387609,6.28318530717959,17,3
1,1256.63706143592,0,17,36
1,1256.63706143592,1.0471975511966,14,50
1,1256.63706143592,1.30899693899575,15,15
1,1256.63706143592,1.5707963267949,15,13
1,1256.63706143592,2.61799387799149,18,62
1,1256.63706143592,2.87979326579064,17,15
1,1256.63706143592,3.14159265358979,17,13
1,1256.63706143592,4.18879020478639,14,33
1,1256.63706143592,4.45058959258554,15,2
1,1256.63706143592,4.71238898038469,15,1
1,1256.63706143592,5.75958653158129,18,41
1,1256.63706143592,6.02138591938044,17,2
1,1256.63706143592,6.28318530717959,17,1
2,52.3598775598299,0.261799387799149,19,46
2,52.3598775598299,1.83259571459405,13,46
2,52.3598775598299,3.40339204138894,19,45
2,52.3598775598299,4.97418836818384,13,40
2,104.71975511966,0,18,96
2,104.71975511966,1.30899693899575,11,48
2,104.71975511966,1.5707963267949,14,62
2,104.71975511966,2.87979326579064,21,69
2,104.71975511966,3.14159265358979,18,78
2,104.71975511966,4.45058959258554,11,47
2,104.71975511966,4.71238898038469,14,45
2,104.71975511966,6.02138591938044,21,68
2,104.71975511966,6.28318530717959,18,55
2,157.07963267949,0,18,93
2,157.07963267949,0.261799387799149,18,91
2,157.07963267949,1.0471975511966,6,6
2,157.07963267949,1.30899693899575,13,45
2,157.07963267949,1.5707963267949,14,59
2,157.07963267949,1.83259571459405,14,56
2,157.07963267949,2.61799387799149,26,7
2,157.07963267949,2.87979326579064,19,44
2,157.07963267949,3.14159265358979,18,74
2,157.07963267949,3.40339204138894,18,70
2,157.07963267949,4.18879020478639,6,5
2,157.07963267949,4.45058959258554,13,38
2,157.07963267949,4.71238898038469,14,42
2,157.07963267949,4.97418836818384,14,39
2,157.07963267949,5.75958653158129,26,6
2,157.07963267949,6.02138591938044,19,38
2,157.07963267949,6.28318530717959,18,51
2,209.43951023932,0,18,89
2,209.43951023932,1.0471975511966,8,4
2,209.43951023932,1.30899693899575,13,44
2,209.43951023932,1.5707963267949,14,55
2,209.43951023932,2.61799387799149,24,4
2,209.43951023932,2.87979326579064,19,43
2,209.43951023932,3.14159265358979,18,69
2,209.43951023932,4.18879020478639,8,3
2,209.43951023932,4.45058959258554,13,36
2,209.43951023932,4.71238898038469,14,38
2,209.43951023932,5.75958653158129,24,3
2,209.43951023932,6.02138591938044,19,36
2,209.43951023932,6.28318530717959,18,47
2,261.799387799149,0,18,86
2,261.799387799149,1.0471975511966,9,48
2,261.799387799149,1.30899693899575,13,43
2,261.799387799149,1.5707963267949,14,52
2,261.799387799149,2.61799387799149,23,48
2,261.799387799149,2.87979326579064,19,42
2,261.799387799149,3.14159265358979,18,65
2,261.799387799149,4.18879020478639,9,44
2,261.799387799149,4.45058959258554,13,34
2,261.799387799149,4.71238898038469,14,35
2,261.799387799149,5.75958653158129,23,44
2,261.799387799149,6.02138591938044,19,34
2,261.799387799149,6.28318530717959,18,43
2,314.159265358979,0,18,83
2,314.159265358979,1.0471975511966,9,47
2,314.159265358979,1.30899693899575,13,42
2,314.159265358979,1.5707963267949,14,49
2,314.159265358979,2.61799387799149,23,47
2,314.159265358979,2.87979326579064,19,41
2,314.159265358979,3.14159265358979,18,61
2,314.159265358979,4.18879020478639,9,43
2,314.159265358979,4.45058959258554,13,32
2,314.159265358979,4.71238898038469,14,32
2,314.159265358979,5.75958653158129,23,43
2,314.159265358979,6.02138591938044,19,32
2,314.159265358979,6.28318530717959,18,39
2,366.519142918809,0,18,80
2,366.519142918809,1.0471975511966,9,46
2,366.519142918809,1.30899693899575,13,41
2,366.519142918809,1.5707963267949,14,47
2,366.519142918809,2.61799387799149,23,46
2,366.519142918809,2.87979326579064,19,40
2,366.519142918809,3.14159265358979,18,58
2,366.519142918809,4.18879020478639,9,42
2,366.519142918809,4.45058959258554,13,30
2,366.519142918809,4.71238898038469,14,30
2,366.519142918809,5.75958653158129,23,42
2,366.519142918809,6.02138591938044,19,30
2,366.519142918809,6.28318530717959,18,36
2,418.879020478639,0,18,76
2,418.879020478639,1.0471975511966,9,45
2,418.879020478639,1.30899693899575,13,39
2,418.879020478639,1.5707963267949,14,44
2,418.879020478639,2.61799387799149,23,45
2,418.879020478639,2.87979326579064,19,39
2,418.879020478639,3.14159265358979,18,54
2,418.879020478639,4.18879020478639,9,41
2,418.879020478639,4.45058959258554,13,28
2,418.879020478639,4.71238898038469,14,28
2,418.879020478639,5.75958653158129,23,41
2,418.879020478639,6.02138591938044,19,28
2,418.879020478639,6.28318530717959,18,33
2,471.238898038469,0,18,72
2,471.238898038469,1.0471975511966,10,32
2,471.238898038469,1.30899693899575,13,37
2,471.238898038469,1.5707963267949,14,41
2,471.238898038469,2.61799387799149,22,32
2,471.238898038469,2.87979326579064,19,37
2,471.238898038469,3.14159265358979,18,50
2,471.238898038469,4.18879020478639,10,26
2,471.238898038469,4.45058959258554,13,26
2,471.238898038469,4.71238898038469,14,26
2,471.238898038469,5.75958653158129,22,26
2,471.238898038469,6.02138591938044,19,26
2,471.238898038469,6.28318530717959,18,30
2,523.598775598299,0,18,67
2,523.598775598299,1.0471975511966,10,31
2,523.598775598299,1.30899693899575,13,35
2,523.598775598299,1.5707963267949,14,37
2,523.598775598299,2.61799387799149,22,31
2,523.598775598299,2.87979326579064,19,35
2,523.598775598299,3.14159265358979,18,46
2,523.598775598299,4.18879020478639,10,24
2,523.598775598299,4.45058959258554,13,24
2,523.598775598299,4.71238898038469,14,24
2,523.598775598299,5.75958653158129,22,24
2,523.598775598299,6.02138591938044,19,24
2,523.598775598299,6.28318530717959,18,27
2,575.958653158129,0,18,63
2,575.958653158129,1.0471975511966,10,30
2,575.958653158129,1.30899693899575,13,33
2,575.958653158129,1.5707963267949,14,34
2,575.958653158129,2.61799387799149,22,30
2,575.958653158129,2.87979326579064,19,33
2,575.958653158129,3.14159265358979,18,42
2,575.958653158129,4.18879020478639,10,22
2,575.958653158129,4.45058959258554,13,22
2,575.958653158129,4.71238898038469,14,22
2,575.958653158129,5.75958653158129,22,22
2,575.958653158129,6.02138591938044,19,22
2,575.958653158129,6.28318530717959,18,24
2,628.318530717959,0,18,59
2,628.318530717959,1.0471975511966,10,29
2,628.318530717959,1.30899693899575,13,31
2,628.318530717959,1.5707963267949,14,31
2,628.318530717959,2.61799387799149,22,29
2,628.318530717959,2.87979326579064,19,31
2,628.318530717959,3.14159265358979,18,38
2,628.318530717959,4.18879020478639,10,20
2,628.318530717959,4.45058959258554,13,20
2,628.318530717959,4.71238898038469,14,20
2,628.318530717959,5.75958653158129,22,20
2,628.318530717959,6.02138591938044,19,20
2,628.318530717959,6.28318530717959,18,21
2,680.678408277788,0,18,56
2,680.678408277788,1.0471975511966,10,28
2,680.678408277788,1.30899693899575,13,29
2,680.678408277788,1.5707963267949,14,29
2,680.678408277788,2.61799387799149,22,28
2,680.678408277788,2.87979326579064,19,29
2,680.678408277788,3.14159265358979,18,35
2,680.678408277788,4.18879020478639,10,18
2,680.678408277788,4.45058959258554,13,18
2,680.678408277788,4.71238898038469,14,18
2,680.678408277788,5.75958653158129,22,18
2,680.678408277788,6.02138591938044,19,18
2,680.678408277788,6.28318530717959,18,18
2,733.038285837618,0,18,52
2,733.038285837618,1.0471975511966,10,27
2,733.038285837618,1.30899693899575,13,27
2,733.038285837618,1.5707963267949,14,27
2,733.038285837618,2.61799387799149,22,27
2,733.038285837618,2.87979326579064,19,27
2,733.038285837618,3.14159265358979,18,32
2,733.038285837618,4.18879020478639,10,16
2,733.038285837618,4.45058959258554,13,16
2,733.038285837618,4.71238898038469,14,16
2,733.038285837618,5.75958653158129,22,16
2,733.038285837618,6.02138591938044,19,16
2,733.038285837618,6.28318530717959,18,16
2,785.398163397448,0,18,48
2,785.398163397448,1.0471975511966,10,25
2,785.398163397448,1.30899693899575,13,25
2,785.398163397448,1.5707963267949,14,25
2,785.398163397448,2.61799387799149,22,25
2,785.398163397448,2.87979326579064,19,25
2,785.398163397448,3.14159265358979,18,29
2,785.398163397448,4.18879020478639,10,14
2,785.398163397448,4.45058959258554,13,14
2,785.398163397448,4.71238898038469,14,14
2,785.398163397448,5.75958653158129,22,14
2,785.398163397448,6.02138591938044,19,14
2,785.398163397448,6.28318530717959,18,14
2,837.758040957278,0,18,44
2,837.758040957278,1.0471975511966,10,23
2,837.758040957278,1.30899693899575,13,23
2,837.758040957278,1.5707963267949,14,23
2,837.758040957278,2.61799387799149,22,23
2,837.758040957278,2.87979326579064,19,23
2,837.758040957278,3.14159265358979,18,26
2,837.758040957278,4.18879020478639,10,12
2,837.758040957278,4.45058959258554,13,12
2,837.758040957278,4.71238898038469,14,12
2,837.758040957278,5.75958653158129,22,12
2,837.758040957278,6.02138591938044,19,12
2,837.758040957278,6.28318530717959,18,12
2,890.117918517108,0,18,40
2,890.117918517108,1.0471975511966,10,21
2,890.117918517108,1.30899693899575,13,21
2,890.117918517108,1.5707963267949,14,21
2,890.117918517108,2.61799387799149,22,21
2,890.117918517108,2.87979326579064,19,21
2,890.117918517108,3.14159265358979,18,23
2,890.117918517108,4.18879020478639,10,10
2,890.117918517108,4.45058959258554,13,10
2,890.117918517108,4.71238898038469,14,10
2,890.117918517108,5.75958653158129,22,10
2,890.117918517108,6.02138591938044,19,10
2,890.117918517108,6.28318530717959,18,10
2,942.477796076938,0,18,37
2,942.477796076938,1.0471975511966,10,19
2,942.477796076938,1.30899693899575,13,19
2,942.477796076938,1.5707963267949,14,19
2,942.477796076938,2.61799387799149,22,19
2,942.477796076938,2.87979326579064,19,19
2,942.477796076938,3.14159265358979,18,20
2,942.477796076938,4.18879020478639,10,8
2,942.477796076938,4.45058959258554,13,8
2,942.477796076938,4.71238898038469,14,8
2,942.477796076938,5.75958653158129,22,8
2,942.477796076938,6.02138591938044,19,8
2,942.477796076938,6.28318530717959,18,8
2,994.837673636768,0,18,34
2,994.837673636768,1.0471975511966,10,17
2,994.837673636768,1.30899693899575,13,17
2,994.837673636768,1.5707963267949,14,17
2,994.837673636768,2.61799387799149,22,17
2,994.837673636768,2.87979326579064,19,17
2,994.837673636768,3.14159265358979,18,17
2,994.837673636768,4.18879020478639,10,6
2,994.837673636768,4.45058959258554,13,6
2,994.837673636768,4.71238898038469,14,6
2,994.837673636768,5.75958653158129,22,6
2,994.837673636768,6.02138591938044,19,6
2,994.837673636768,6.28318530717959,18,6
2,1047.1975511966,0,18,31
2,1047.1975511966,1.0471975511966,10,15
2,1047.1975511966,1.30899693899575,13,15
2,1047.1975511966,1.5707963267949,14,15
2,1047.1975511966,2.61799387799149,22,15
2,1047.1975511966,2.87979326579064,19,15
2,1047.1975511966,3.14159265358979,18,15
2,1047.1975511966,4.18879020478639,10,5
2,1047.1975511966,4.45058959258554,13,5
2,1047.1975511966,4.71238898038469,14,5
2,1047.1975511966,5.75958653158129,22,5
2,1047.1975511966,6.02138591938044,19,5
2,1047.1975511966,6.28318530717959,18,5
2,1099.55742875643,0,18,28
2,1099.55742875643,1.0471975511966,10,13
2,1099.55742875643,1.30899693899575,13,13
2,1099.55742875643,1.5707963267949,14,13
2,1099.55742875643,2.61799387799149,22,13
2,1099.55742875643,2.87979326579064,19,13
2,1099.55742875643,3.14159265358979,18,13
2,1099.55742875643,4.18879020478639,10,4
2,1099.55742875643,4.45058959258554,13,4
2,1099.55742875643,4.71238898038469,14,4
2,1099.55742875643,5.75958653158129,22,4
2,1099.55742875643,6.02138591938044,19,4
2,1099.55742875643,6.28318530717959,18,4
2,1151.91730631626,0,18,25
2,1151.91730631626,1.0471975511966,10,11
2,1151.91730631626,1.30899693899575,13,11
2,1151.91730631626,1.5707963267949,14,11
2,1151.91730631626,2.61799387799149,22,11
2,1151.91730631626,2.87979326579064,19,11
2,1151.91730631626,3.14159265358979,18,11
2,1151.91730631626,4.18879020478639,10,3
2,1151.91730631626,4.45058959258554,13,3
2,1151.91730631626,4.71238898038469,14,3
2,1151.91730631626,5.75958653158129,22,3
2,1151.91730631626,6.02138591938044,19,3
2,1151.91730631626,6.28318530717959,18,3
2,1204.27718387609,0,18,22
2,1204.27718387609,1.0471975511966,10,9
2,1204.27718387609,1.30899693899575,13,9
2,1204.27718387609,1.5707963267949,14,9
2,1204.27718387609,2.61799387799149,22,9
2,1204.27718387609,2.87979326579064,19,9
2,1204.27718387609,3.14159265358979,18,9
2,1204.27718387609,4.18879020478639,10,2
2,1204.27718387609,4.45058959258554,13,2
2,1204.27718387609,4.71238898038469,14,2
2,1204.27718387609,5.75958653158129,22,2
2,1204.27718387609,6.02138591938044,19,2
2,1204.27718387609,6.28318530717959,18,2
2,1256.63706143592,0,18,19
2,1256.63706143592,1.0471975511966,10,7
2,1256.63706143592,1.30899693899575,13,7
2,1256.63706143592,1.5707963267949,14,7
2,1256.63706143592,2.61799387799149,22,7
2,1256.63706143592,2.87979326579064,19,7
2,1256.63706143592,3.14159265358979,18,7
2,1256.63706143592,4.18879020478639,10,1
2,1256.63706143592,4.45058959258554,13,1
2,1256.63706143592,4.71238898038469,14,1
2,1256.63706143592,5.75958653158129,22,1
2,1256.63706143592,6.02138591938044,19,1
2,1256.63706143592,6.28318530717959,18,1
3,104.71975511966,0,26,5
3,104.71975511966,0.261799387799149,21,67
3,104.71975511966,1.5707963267949,6,4
3,104.71975511966,1.83259571459405,11,46
3,104.71975511966,3.14159265358979,26,4
3,104.71975511966,3.40339204138894,21,59
3,104.71975511966,4.71238898038469,6,2
3,104.71975511966,4.97418836818384,11,38
3,104.71975511966,6.28318530717959,26,2
3,157.07963267949,0,21,66
3,157.07963267949,1.30899693899575,6,3
3,157.07963267949,1.5707963267949,11,45
3,157.07963267949,2.87979326579064,26,3
3,157.07963267949,3.14159265358979,21,58
3,157.07963267949,4.45058959258554,6,1
3,157.07963267949,4.71238898038469,11,37
3,157.07963267949,6.02138591938044,26,1
3,157.07963267949,6.28318530717959,21,45
3,209.43951023932,0,21,65
3,209.43951023932,1.30899693899575,8,2
3,209.43951023932,1.5707963267949,11,44
3,209.43951023932,2.87979326579064,24,2
3,209.43951023932,3.14159265358979,21,56
3,209.43951023932,4.45058959258554,8,1
3,209.43951023932,4.71238898038469,11,35
3,209.43951023932,6.02138591938044,24,1
3,209.43951023932,6.28318530717959,21,42
3,261.799387799149,0,21,64
3,261.799387799149,1.0471975511966,1,108
3,261.799387799149,1.30899693899575,9,40
3,261.799387799149,1.5707963267949,11,43
3,261.799387799149,2.61799387799149,31,124
3,261.799387799149,2.87979326579064,23,40
3,261.799387799149,3.14159265358979,21,54
3,261.799387799149,4.18879020478639,1,102
3,261.799387799149,4.45058959258554,9,34
3,261.799387799149,4.71238898038469,11,33
3,261.799387799149,5.75958653158129,31,118
3,261.799387799149,6.02138591938044,23,34
3,261.799387799149,6.28318530717959,21,39
3,314.159265358979,0,21,63
3,314.159265358979,1.0471975511966,1,107
3,314.159265358979,1.30899693899575,9,39
3,314.159265358979,1.5707963267949,11,42
3,314.159265358979,2.61799387799149,31,123
3,314.159265358979,2.87979326579064,23,39
3,314.159265358979,3.14159265358979,21,52
3,314.159265358979,4.18879020478639,1,100
3,314.159265358979,4.45058959258554,9,32
3,314.159265358979,4.71238898038469,11,31
3,314.159265358979,5.75958653158129,31,116
3,314.159265358979,6.02138591938044,23,32
3,314.159265358979,6.28318530717959,21,36
3,366.519142918809,0,21,62
3,366.519142918809,0.261799387799149,21,61
3,366.519142918809,1.0471975511966,1,106
3,366.519142918809,1.30899693899575,9,38
3,366.519142918809,1.5707963267949,11,41
3,366.519142918809,1.83259571459405,11,40
3,366.519142918809,2.61799387799149,31,122
3,366.519142918809,2.87979326579064,23,38
3,366.519142918809,3.14159265358979,21,50
3,366.519142918809,3.40339204138894,21,48
3,366.519142918809,4.18879020478639,1,98
3,366.519142918809,4.45058959258554,9,30
3,366.519142918809,4.71238898038469,11,29
3,366.519142918809,4.97418836818384,11,27
3,366.519142918809,5.75958653158129,31,114
3,366.519142918809,6.02138591938044,23,30
3,366.519142918809,6.28318530717959,21,33
3,418.879020478639,0,21,60
3,418.879020478639,1.0471975511966,1,105
3,418.879020478639,1.30899693899575,9,37
3,418.879020478639,1.5707963267949,11,39
3,418.879020478639,2.61799387799149,31,121
3,418.879020478639,2.87979326579064,23,37
3,418.879020478639,3.14159265358979,21,47
3,418.879020478639,4.18879020478639,1,96
3,418.879020478639,4.45058959258554,9,28
3,418.879020478639,4.71238898038469,11,26
3,418.879020478639,5.75958653158129,31,112
3,418.879020478639,6.02138591938044,23,28
3,418.879020478639,6.28318530717959,21,30
3,471.238898038469,0,21,57
3,471.238898038469,1.0471975511966,1,104
3,471.238898038469,1.30899693899575,9,36
3,471.238898038469,1.5707963267949,11,36
3,471.238898038469,2.61799387799149,31,120
3,471.238898038469,2.87979326579064,23,36
3,471.238898038469,3.14159265358979,21,44
3,471.238898038469,4.18879020478639,1,95
3,471.238898038469,4.45058959258554,9,26
3,471.238898038469,4.71238898038469,11,24
3,471.238898038469,5.75958653158129,31,111
3,471.238898038469,6.02138591938044,23,26
3,471.238898038469,6.28318530717959,21,27
3,523.598775598299,0,21,55
3,523.598775598299,1.0471975511966,1,103
3,523.598775598299,1.30899693899575,9,35
3,523.598775598299,1.5707963267949,11,34
3,523.598775598299,2.61799387799149,31,119
3,523.598775598299,2.87979326579064,23,35
3,523.598775598299,3.14159265358979,21,41
3,523.598775598299,4.18879020478639,1,94
3,523.598775598299,4.45058959258554,9,24
3,523.598775598299,4.71238898038469,11,22
3,523.598775598299,5.75958653158129,31,110
3,523.598775598299,6.02138591938044,23,24
3,523.598775598299,6.28318530717959,21,24
3,575.958653158129,0,21,53
3,575.958653158129,1.0471975511966,1,101
3,575.958653158129,1.30899693899575,9,33
3,575.958653158129,1.5707963267949,11,32
3,575.958653158129,2.61799387799149,31,117
3,575.958653158129,2.87979326579064,23,33
3,575.958653158129,3.14159265358979,21,38
3,575.958653158129,4.18879020478639,1,93
3,575.958653158129,4.45058959258554,9,22
3,575.958653158129,4.71238898038469,11,20
3,575.958653158129,5.75958653158129,31,109
3,575.958653158129,6.02138591938044,23,22
3,575.958653158129,6.28318530717959,21,22
3,628.318530717959,0,21,51
3,628.318530717959,1.0471975511966,1,99
3,628.318530717959,1.30899693899575,9,31
3,628.318530717959,1.5707963267949,11,30
3,628.318530717959,2.61799387799149,31,115
3,628.318530717959,2.87979326579064,23,31
3,628.318530717959,3.14159265358979,21,35
3,628.318530717959,4.18879020478639,1,92
3,628.318530717959,4.45058959258554,9,20
3,628.318530717959,4.71238898038469,11,18
3,628.318530717959,5.75958653158129,31,108
3,628.318530717959,6.02138591938044,23,20
3,628.318530717959,6.28318530717959,21,19
3,680.678408277788,0,21,49
3,680.678408277788,1.0471975511966,1,97
3,680.678408277788,1.30899693899575,9,29
3,680.678408277788,1.5707963267949,11,28
3,680.678408277788,2.61799387799149,31,113
3,680.678408277788,2.87979326579064,23,29
3,680.678408277788,3.14159265358979,21,32
3,680.678408277788,4.18879020478639,1,91
3,680.678408277788,4.45058959258554,9,18
3,680.678408277788,4.71238898038469,11,16
3,680.678408277788,5.75958653158129,31,107
3,680.678408277788,6.02138591938044,23,18
3,680.678408277788,6.28318530717959,21,16
3,733.038285837618,0,21,46
3,733.038285837618,1.0471975511966,2,42
3,733.038285837618,1.30899693899575,9,27
3,733.038285837618,1.5707963267949,11,25
3,733.038285837618,2.61799387799149,30,51
3,733.038285837618,2.87979326579064,23,27
3,733.038285837618,3.14159265358979,21,29
3,733.038285837618,4.18879020478639,2,36
3,733.038285837618,4.45058959258554,9,16
3,733.038285837618,4.71238898038469,11,14
3,733.038285837618,5.75958653158129,30,45
3,733.038285837618,6.02138591938044,23,16
3,733.038285837618,6.28318530717959,21,14
3,785.398163397448,0,21,43
3,785.398163397448,1.0471975511966,2,41
3,785.398163397448,1.30899693899575,9,25
3,785.398163397448,1.5707963267949,11,23
3,785.398163397448,2.61799387799149,30,50
3,785.398163397448,2.87979326579064,23,25
3,785.398163397448,3.14159265358979,21,26
3,785.398163397448,4.18879020478639,2,34
3,785.398163397448,4.45058959258554,9,14
3,785.398163397448,4.71238898038469,11,12
3,785.398163397448,5.75958653158129,30,43
3,785.398163397448,6.02138591938044,23,14
3,785.398163397448,6.28318530717959,21,12
3,837.758040957278,0,21,40
3,837.758040957278,1.0471975511966,2,40
3,837.758040957278,1.30899693899575,9,23
3,837.758040957278,1.5707963267949,11,21
3,837.758040957278,2.61799387799149,30,49
3,837.758040957278,2.87979326579064,23,23
3,837.758040957278,3.14159265358979,21,23
3,837.758040957278,4.18879020478639,2,32
3,837.758040957278,4.45058959258554,9,12
3,837.758040957278,4.71238898038469,11,10
3,837.758040957278,5.75958653158129,30,41
3,837.758040957278,6.02138591938044,23,12
3,837.758040957278,6.28318530717959,21,10
3,890.117918517108,0,21,37
3,890.117918517108,1.0471975511966,2,39
3,890.117918517108,1.30899693899575,9,21
3,890.117918517108,1.5707963267949,11,19
3,890.117918517108,2.61799387799149,30,48
3,890.117918517108,2.87979326579064,23,21
3,890.117918517108,3.14159265358979,21,21
3,890.117918517108,4.18879020478639,2,30
3,890.117918517108,4.45058959258554,9,10
3,890.117918517108,4.71238898038469,11,9
3,890.117918517108,5.75958653158129,30,39
3,890.117918517108,6.02138591938044,23,10
3,890.117918517108,6.28318530717959,21,9
3,942.477796076938,0,21,34
3,942.477796076938,1.0471975511966,2,38
3,942.477796076938,1.30899693899575,9,19
3,942.477796076938,1.5707963267949,11,17
3,942.477796076938,2.61799387799149,30,47
3,942.477796076938,2.87979326579064,23,19
3,942.477796076938,3.14159265358979,21,18
3,942.477796076938,4.18879020478639,2,27
3,942.477796076938,4.45058959258554,9,8
3,942.477796076938,4.71238898038469,11,7
3,942.477796076938,5.75958653158129,30,36
3,942.477796076938,6.02138591938044,23,8
3,942.477796076938,6.28318530717959,21,7
3,994.837673636768,0,21,31
3,994.837673636768,1.0471975511966,2,37
3,994.837673636768,1.30899693899575,9,17
3,994.837673636768,1.5707963267949,11,15
3,994.837673636768,2.61799387799149,30,46
3,994.837673636768,2.87979326579064,23,17
3,994.837673636768,3.14159265358979,21,15
3,994.837673636768,4.18879020478639,2,25
3,994.837673636768,4.45058959258554,9,6
3,994.837673636768,4.71238898038469,11,5
3,994.837673636768,5.75958653158129,30,34
3,994.837673636768,6.02138591938044,23,6
3,994.837673636768,6.28318530717959,21,5
3,1047.1975511966,0,21,28
3,1047.1975511966,1.0471975511966,2,35
3,1047.1975511966,1.30899693899575,9,15
3,1047.1975511966,1.5707963267949,11,13
3,1047.1975511966,2.61799387799149,30,44
3,1047.1975511966,2.87979326579064,23,15
3,1047.1975511966,3.14159265358979,21,13
3,1047.1975511966,4.18879020478639,2,24
3,1047.1975511966,4.45058959258554,9,5
3,1047.1975511966,4.71238898038469,11,4
3,1047.1975511966,5.75958653158129,30,33
3,1047.1975511966,6.02138591938044,23,5
3,1047.1975511966,6.28318530717959,21,4
3,1099.55742875643,0,21,25
3,1099.55742875643,1.0471975511966,2,33
3,1099.55742875643,1.30899693899575,9,13
3,1099.55742875643,1.5707963267949,11,11
3,1099.55742875643,2.61799387799149,30,42
3,1099.55742875643,2.87979326579064,23,13
3,1099.55742875643,3.14159265358979,21,11
3,1099.55742875643,4.18879020478639,2,23
3,1099.55742875643,4.45058959258554,9,4
3,1099.55742875643,4.71238898038469,11,3
3,1099.55742875643,5.75958653158129,30,32
3,1099.55742875643,6.02138591938044,23,4
3,1099.55742875643,6.28318530717959,21,3
3,1151.91730631626,1.0471975511966,2,31
3,1151.91730631626,1.30899693899575,9,11
3,1151.91730631626,2.61799387799149,30,40
3,1151.91730631626,2.87979326579064,23,11
3,1151.91730631626,4.18879020478639,2,22
3,1151.91730631626,4.45058959258554,9,3
3,1151.91730631626,5.75958653158129,30,31
3,1151.91730631626,6.02138591938044,23,3
3,1204.27718387609,0,21,20
3,1204.27718387609,1.0471975511966,2,29
3,1204.27718387609,1.30899693899575,9,9
3,1204.27718387609,1.5707963267949,11,8
3,1204.27718387609,2.61799387799149,30,38
3,1204.27718387609,2.87979326579064,23,9
3,1204.27718387609,3.14159265358979,21,8
3,1204.27718387609,4.18879020478639,2,21
3,1204.27718387609,4.45058959258554,9,2
3,1204.27718387609,4.71238898038469,11,2
3,1204.27718387609,5.75958653158129,30,30
3,1204.27718387609,6.02138591938044,23,2
3,1204.27718387609,6.28318530717959,21,2
3,1256.63706143592,0,21,17
3,1256.63706143592,1.0471975511966,2,26
3,1256.63706143592,1.30899693899575,9,7
3,1256.63706143592,1.5707963267949,11,6
3,1256.63706143592,2.61799387799149,30,35
3,1256.63706143592,2.87979326579064,23,7
3,1256.63706143592,3.14159265358979,21,6
3,1256.63706143592,4.18879020478639,2,19
3,1256.63706143592,4.45058959258554,9,1
3,1256.63706143592,4.71238898038469,11,1
3,1256.63706143592,5.75958653158129,30,28
3,1256.63706143592,6.02138591938044,23,1
3,1256.63706143592,6.28318530717959,21,1
4,104.71975511966,0.261799387799149,28,10
4,104.71975511966,1.83259571459405,4,10
4,104.71975511966,3.40339204138894,28,9
4,104.71975511966,4.97418836818384,4,9
4,157.07963267949,0,29,29
4,157.07963267949,1.5707963267949,3,28
4,157.07963267949,3.14159265358979,29,28
4,157.07963267949,4.71238898038469,3,23
4,157.07963267949,6.28318530717959,29,23
4,209.43951023932,0,25,42
4,209.43951023932,1.30899693899575,1,90
4,209.43951023932,1.5707963267949,7,28
4,209.43951023932,2.87979326579064,31,106
4,209.43951023932,3.14159265358979,25,36
4,209.43951023932,4.45058959258554,1,89
4,209.43951023932,4.71238898038469,7,22
4,209.43951023932,6.02138591938044,31,105
4,209.43951023932,6.28318530717959,25,26
4,261.799387799149,0,25,41
4,261.799387799149,1.30899693899575,2,28
4,261.799387799149,1.5707963267949,7,27
4,261.799387799149,2.87979326579064,30,37
4,261.799387799149,3.14159265358979,25,34
4,261.799387799149,4.45058959258554,2,20
4,261.799387799149,4.71238898038469,7,20
4,261.799387799149,6.02138591938044,30,29
4,261.799387799149,6.28318530717959,25,23
4,314.159265358979,0,25,40
4,314.159265358979,1.30899693899575,3,27
4,314.159265358979,1.5707963267949,7,26
4,314.159265358979,2.87979326579064,29,27
4,314.159265358979,3.14159265358979,25,32
4,314.159265358979,4.45058959258554,3,20
4,314.159265358979,4.71238898038469,7,18
4,314.159265358979,6.02138591938044,29,20
4,314.159265358979,6.28318530717959,25,20
4,366.519142918809,0,25,39
4,366.519142918809,1.30899693899575,3,26
4,366.519142918809,1.5707963267949,7,25
4,366.519142918809,2.87979326579064,29,26
4,366.519142918809,3.14159265358979,25,31
4,366.519142918809,4.45058959258554,3,18
4,366.519142918809,4.71238898038469,7,17
4,366.519142918809,6.02138591938044,29,18
4,366.519142918809,6.28318530717959,25,19
4,418.879020478639,0,25,38
4,418.879020478639,1.30899693899575,3,25
4,418.879020478639,1.5707963267949,7,24
4,418.879020478639,2.87979326579064,29,25
4,418.879020478639,3.14159265358979,25,29
4,418.879020478639,4.45058959258554,3,16
4,418.879020478639,4.71238898038469,7,15
4,418.879020478639,6.02138591938044,29,16
4,418.879020478639,6.28318530717959,25,17
4,471.238898038469,0,25,37
4,471.238898038469,1.30899693899575,3,24
4,471.238898038469,1.5707963267949,7,23
4,471.238898038469,2.87979326579064,29,24
4,471.238898038469,3.14159265358979,25,27
4,471.238898038469,4.45058959258554,3,14
4,471.238898038469,4.71238898038469,7,13
4,471.238898038469,6.02138591938044,29,14
4,471.238898038469,6.28318530717959,25,15
4,523.598775598299,0,25,35
4,523.598775598299,1.30899693899575,3,22
4,523.598775598299,1.5707963267949,7,21
4,523.598775598299,2.87979326579064,29,22
4,523.598775598299,3.14159265358979,25,25
4,523.598775598299,4.45058959258554,3,12
4,523.598775598299,4.71238898038469,7,12
4,523.598775598299,6.02138591938044,29,12
4,523.598775598299,6.28318530717959,25,14
4,575.958653158129,0,25,33
4,575.958653158129,1.30899693899575,3,21
4,575.958653158129,1.5707963267949,7,19
4,575.958653158129,2.87979326579064,29,21
4,575.958653158129,3.14159265358979,25,22
4,575.958653158129,4.45058959258554,3,10
4,575.958653158129,4.71238898038469,7,10
4,575.958653158129,6.02138591938044,29,10
4,575.958653158129,6.28318530717959,25,12
4,628.318530717959,1.30899693899575,3,19
4,628.318530717959,2.87979326579064,29,19
4,628.318530717959,4.45058959258554,3,8
4,628.318530717959,6.02138591938044,29,7
4,680.678408277788,0,25,30
4,680.678408277788,1.30899693899575,3,17
4,680.678408277788,1.5707963267949,7,16
4,680.678408277788,2.87979326579064,29,17
4,680.678408277788,3.14159265358979,25,18
4,680.678408277788,4.45058959258554,3,7
4,680.678408277788,4.71238898038469,7,8
4,680.678408277788,6.02138591938044,29,6
4,680.678408277788,6.28318530717959,25,8
4,733.038285837618,0,25,28
4,733.038285837618,1.30899693899575,3,15
4,733.038285837618,1.5707963267949,7,14
4,733.038285837618,2.87979326579064,29,15
4,733.038285837618,3.14159265358979,25,16
4,733.038285837618,4.45058959258554,3,6
4,733.038285837618,4.71238898038469,7,7
4,733.038285837618,6.02138591938044,29,5
4,733.038285837618,6.28318530717959,25,7
4,785.398163397448,1.30899693899575,3,13
4,785.398163397448,2.87979326579064,29,13
4,785.398163397448,4.45058959258554,3,5
4,785.398163397448,6.02138591938044,29,4
4,837.758040957278,0,25,24
4,837.758040957278,1.30899693899575,3,11
4,837.758040957278,1.5707963267949,7,11
4,837.758040957278,2.87979326579064,29,11
4,837.758040957278,3.14159265358979,25,13
4,837.758040957278,4.45058959258554,3,4
4,837.758040957278,4.71238898038469,7,6
4,837.758040957278,6.02138591938044,29,3
4,837.758040957278,6.28318530717959,25,6
4,890.117918517108,0,25,21
4,890.117918517108,1.30899693899575,3,9
4,890.117918517108,1.5707963267949,7,9
4,890.117918517108,2.87979326579064,29,8
4,890.117918517108,3.14159265358979,25,11
4,890.117918517108,4.45058959258554,3,2
4,890.117918517108,4.71238898038469,7,5
4,890.117918517108,6.02138591938044,29,1
4,890.117918517108,6.28318530717959,25,5
4,942.477796076938,1.30899693899575,4,8
4,942.477796076938,2.87979326579064,28,8
4,942.477796076938,4.45058959258554,4,4
4,942.477796076938,6.02138591938044,28,4
4,994.837673636768,1.0471975511966,1,88
4,994.837673636768,1.30899693899575,4,7
4,994.837673636768,2.61799387799149,31,101
4,994.837673636768,2.87979326579064,28,7
4,994.837673636768,4.18879020478639,1,77
4,994.837673636768,4.45058959258554,4,3
4,994.837673636768,5.75958653158129,31,90
4,994.837673636768,6.02138591938044,28,3
4,1047.1975511966,1.0471975511966,1,87
4,1047.1975511966,1.30899693899575,4,6
4,1047.1975511966,2.61799387799149,31,100
4,1047.1975511966,2.87979326579064,28,6
4,1047.1975511966,4.18879020478639,1,75
4,1047.1975511966,4.45058959258554,4,2
4,1047.1975511966,5.75958653158129,31,88
4,1047.1975511966,6.02138591938044,28,2
4,1099.55742875643,1.0471975511966,1,86
4,1099.55742875643,2.61799387799149,31,99
4,1099.55742875643,4.18879020478639,1,74
4,1099.55742875643,5.75958653158129,31,87
4,1151.91730631626,1.0471975511966,1,85
4,1151.91730631626,2.61799387799149,31,98
4,1151.91730631626,4.18879020478639,1,72
4,1151.91730631626,5.75958653158129,31,85
4,1204.27718387609,0,25,10
4,1204.27718387609,1.0471975511966,1,82
4,1204.27718387609,1.30899693899575,4,5
4,1204.27718387609,1.5707963267949,7,4
4,1204.27718387609,2.61799387799149,31,95
4,1204.27718387609,2.87979326579064,28,5
4,1204.27718387609,3.14159265358979,25,4
4,1204.27718387609,4.18879020478639,1,68
4,1204.27718387609,4.45058959258554,4,1
4,1204.27718387609,4.71238898038469,7,2
4,1204.27718387609,5.75958653158129,31,82
4,1204.27718387609,6.02138591938044,28,1
4,1204.27718387609,6.28318530717959,25,2
4,1256.63706143592,0,25,9
4,1256.63706143592,1.0471975511966,1,79
4,1256.63706143592,1.5707963267949,7,3
4,1256.63706143592,2.61799387799149,31,92
4,1256.63706143592,3.14159265358979,25,3
4,1256.63706143592,4.18879020478639,1,65
4,1256.63706143592,4.71238898038469,7,1
4,1256.63706143592,5.75958653158129,31,79
4,1256.63706143592,6.28318530717959,25,1
5,157.07963267949,0.261799387799149,31,104
5,157.07963267949,1.83259571459405,1,84
5,157.07963267949,3.40339204138894,31,97
5,157.07963267949,4.97418836818384,1,71
5,209.43951023932,0,31,103
5,209.43951023932,0.261799387799149,29,9
5,209.43951023932,1.5707963267949,1,83
5,209.43951023932,1.83259571459405,3,3
5,209.43951023932,3.14159265358979,31,96
5,209.43951023932,3.40339204138894,29,2
5,209.43951023932,4.71238898038469,1,69
5,209.43951023932,4.97418836818384,3,1
5,209.43951023932,6.28318530717959,31,83
5,261.799387799149,0,31,102
5,261.799387799149,1.30899693899575,1,81
5,261.799387799149,1.5707963267949,1,80
5,261.799387799149,2.87979326579064,31,94
5,261.799387799149,3.14159265358979,31,93
5,261.799387799149,4.45058959258554,1,67
5,261.799387799149,4.71238898038469,1,66
5,261.799387799149,6.02138591938044,31,81
5,261.799387799149,6.28318530717959,31,80
5,314.159265358979,0,30,27
5,314.159265358979,1.30899693899575,1,78
5,314.159265358979,1.5707963267949,2,18
5,314.159265358979,2.87979326579064,31,91
5,314.159265358979,3.14159265358979,30,25
5,314.159265358979,4.45058959258554,1,64
5,314.159265358979,4.71238898038469,2,16
5,314.159265358979,6.02138591938044,31,78
5,314.159265358979,6.28318530717959,30,21
5,366.519142918809,1.30899693899575,1,76
5,366.519142918809,2.87979326579064,31,89
5,366.519142918809,4.45058959258554,1,62
5,366.519142918809,6.02138591938044,31,76
5,471.238898038469,1.30899693899575,1,73
5,471.238898038469,2.87979326579064,31,86
5,471.238898038469,4.45058959258554,1,61
5,471.238898038469,6.02138591938044,31,75
5,523.598775598299,0,30,26
5,523.598775598299,1.30899693899575,1,70
5,523.598775598299,1.5707963267949,2,17
5,523.598775598299,2.87979326579064,31,84
5,523.598775598299,3.14159265358979,30,22
5,523.598775598299,4.45058959258554,1,59
5,523.598775598299,4.71238898038469,2,13
5,523.598775598299,6.02138591938044,31,73
5,523.598775598299,6.28318530717959,30,16
5,628.318530717959,0,30,24
5,628.318530717959,1.30899693899575,1,63
5,628.318530717959,1.5707963267949,2,15
5,628.318530717959,2.87979326579064,31,77
5,628.318530717959,3.14159265358979,30,20
5,628.318530717959,4.45058959258554,1,58
5,628.318530717959,4.71238898038469,2,12
5,628.318530717959,6.02138591938044,31,71
5,628.318530717959,6.28318530717959,30,13
5,785.398163397448,0,30,23
5,785.398163397448,1.30899693899575,1,60
5,785.398163397448,1.5707963267949,2,14
5,785.398163397448,2.87979326579064,31,74
5,785.398163397448,3.14159265358979,30,17
5,785.398163397448,4.45058959258554,1,54
5,785.398163397448,4.71238898038469,2,9
5,785.398163397448,6.02138591938044,31,66
5,785.398163397448,6.28318530717959,30,9
5,942.477796076938,0,30,19
5,942.477796076938,1.30899693899575,1,57
5,942.477796076938,1.5707963267949,2,11
5,942.477796076938,2.87979326579064,31,70
5,942.477796076938,3.14159265358979,30,12
5,942.477796076938,4.45058959258554,1,50
5,942.477796076938,4.71238898038469,2,6
5,942.477796076938,6.02138591938044,31,62
5,942.477796076938,6.28318530717959,30,6
5,994.837673636768,1.30899693899575,1,56
5,994.837673636768,2.87979326579064,31,69
5,994.837673636768,4.45058959258554,1,49
5,994.837673636768,6.02138591938044,31,61
5,1047.1975511966,0,30,18
5,1047.1975511966,1.30899693899575,1,55
5,1047.1975511966,1.5707963267949,2,10
5,1047.1975511966,2.87979326579064,31,68
5,1047.1975511966,3.14159265358979,30,10
5,1047.1975511966,4.45058959258554,1,48
5,1047.1975511966,4.71238898038469,2,4
5,1047.1975511966,6.02138591938044,31,60
5,1047.1975511966,6.28318530717959,30,4
5,1099.55742875643,1.30899693899575,1,53
5,1099.55742875643,2.87979326579064,31,65
5,1099.55742875643,4.45058959258554,1,45
5,1099.55742875643,6.02138591938044,31,57
5,1151.91730631626,0,30,15
5,1151.91730631626,1.5707963267949,2,8
5,1151.91730631626,3.14159265358979,30,8
5,1151.91730631626,4.71238898038469,2,3
5,1151.91730631626,6.28318530717959,30,3
5,1204.27718387609,0,30,14
5,1204.27718387609,1.30899693899575,1,51
5,1204.27718387609,1.5707963267949,2,7
5,1204.27718387609,2.87979326579064,31,63
5,1204.27718387609,3.14159265358979,30,7
5,1204.27718387609,4.45058959258554,1,43
5,1204.27718387609,4.71238898038469,2,2
5,1204.27718387609,6.02138591938044,31,54
5,1204.27718387609,6.28318530717959,30,2
5,1256.63706143592,0,30,11
5,1256.63706143592,1.5707963267949,2,5
5,1256.63706143592,3.14159265358979,30,5
5,1256.63706143592,4.71238898038469,2,1
5,1256.63706143592,6.28318530717959,30,1
6,157.07963267949,0.261799387799149,31,72
6,157.07963267949,1.83259571459405,1,52
6,157.07963267949,3.40339204138894,31,64
6,157.07963267949,4.97418836818384,1,44
6,418.879020478639,0,31,67
6,418.879020478639,1.5707963267949,1,47
6,418.879020478639,3.14159265358979,31,59
6,418.879020478639,4.71238898038469,1,40
6,418.879020478639,6.28318530717959,31,51
6,471.238898038469,1.30899693899575,1,46
6,471.238898038469,2.87979326579064,31,58
6,471.238898038469,4.45058959258554,1,39
6,471.238898038469,6.02138591938044,31,50
6,628.318530717959,1.30899693899575,1,42
6,628.318530717959,2.87979326579064,31,53
6,628.318530717959,4.45058959258554,1,36
6,628.318530717959,6.02138591938044,31,44
6,680.678408277788,1.30899693899575,1,41
6,680.678408277788,2.87979326579064,31,52
6,680.678408277788,4.45058959258554,1,35
6,680.678408277788,6.02138591938044,31,43
6,785.398163397448,0,31,56
6,785.398163397448,1.5707963267949,1,38
6,785.398163397448,3.14159265358979,31,48
6,785.398163397448,4.71238898038469,1,32
6,785.398163397448,6.28318530717959,31,39
6,837.758040957278,0,31,55
6,837.758040957278,1.5707963267949,1,37
6,837.758040957278,3.14159265358979,31,47
6,837.758040957278,4.71238898038469,1,31
6,837.758040957278,6.28318530717959,31,38
6,994.837673636768,1.30899693899575,1,34
6,994.837673636768,2.87979326579064,31,41
6,994.837673636768,4.45058959258554,1,27
6,994.837673636768,6.02138591938044,31,32
6,1047.1975511966,0,31,49
6,1047.1975511966,1.5707963267949,1,33
6,1047.1975511966,3.14159265358979,31,40
6,1047.1975511966,4.71238898038469,1,26
6,1047.1975511966,6.28318530717959,31,31
6,1151.91730631626,0,31,46
6,1151.91730631626,1.5707963267949,1,30
6,1151.91730631626,3.14159265358979,31,37
6,1151.91730631626,4.71238898038469,1,25
6,1151.91730631626,6.28318530717959,31,30
7,209.43951023932,0.261799387799149,31,45
7,209.43951023932,1.83259571459405,1,29
7,209.43951023932,3.40339204138894,31,36
7,209.43951023932,4.97418836818384,1,24
7,314.159265358979,0.261799387799149,31,42
7,314.159265358979,1.83259571459405,1,28
7,314.159265358979,3.40339204138894,31,33
7,314.159265358979,4.97418836818384,1,21
7,575.958653158129,0,31,35
7,575.958653158129,1.5707963267949,1,23
7,575.958653158129,3.14159265358979,31,28
7,575.958653158129,4.71238898038469,1,19
7,575.958653158129,6.28318530717959,31,23
7,628.318530717959,0,31,34
7,628.318530717959,1.5707963267949,1,22
7,628.318530717959,3.14159265358979,31,27
7,628.318530717959,4.71238898038469,1,18
7,628.318530717959,6.28318530717959,31,21
7,837.758040957278,0,31,29
7,837.758040957278,1.5707963267949,1,20
7,837.758040957278,3.14159265358979,31,24
7,837.758040957278,4.71238898038469,1,15
7,837.758040957278,6.28318530717959,31,16
7,942.477796076938,0,31,26
7,942.477796076938,1.5707963267949,1,17
7,942.477796076938,3.14159265358979,31,20
7,942.477796076938,4.71238898038469,1,13
7,942.477796076938,6.28318530717959,31,14
7,1047.1975511966,0,31,25
7,1047.1975511966,1.5707963267949,1,16
7,1047.1975511966,3.14159265358979,31,18
7,1047.1975511966,4.71238898038469,1,11
7,1047.1975511966,6.28318530717959,31,12
7,1256.63706143592,0,31,19
7,1256.63706143592,1.5707963267949,1,12
7,1256.63706143592,3.14159265358979,31,13
7,1256.63706143592,4.71238898038469,1,8
7,1256.63706143592,6.28318530717959,31,8
8,261.799387799149,0.261799387799149,31,22
8,261.799387799149,1.83259571459405,1,14
8,261.799387799149,3.40339204138894,31,15
8,261.799387799149,4.97418836818384,1,9
8,471.238898038469,0,31,17
8,471.238898038469,1.5707963267949,1,10
8,471.238898038469,3.14159265358979,31,10
8,471.238898038469,4.71238898038469,1,6
8,471.238898038469,6.28318530717959,31,5
8,733.038285837618,0.261799387799149,31,11
8,733.038285837618,1.83259571459405,1,7
8,733.038285837618,3.40339204138894,31,6
8,733.038285837618,4.97418836818384,1,3
8,890.117918517108,0,31,9
8,890.117918517108,1.5707963267949,1,5
8,890.117918517108,3.14159265358979,31,4
8,890.117918517108,4.71238898038469,1,2
8,890.117918517108,6.28318530717959,31,2
8,1047.1975511966,0,31,7
8,1047.1975511966,1.5707963267949,1,4
8,1047.1975511966,3.14159265358979,31,3
8,1047.1975511966,4.71238898038469,1,1
8,1047.1975511966,6.28318530717959,31,1
